index,Name (Specialty),AHA ID,ZIP,STATE,Specialty Score,Specialty Ranking,LATITUDE,LONGITUDE
0,University of Texas MD Anderson Cancer Center,6741945,77030,TX,100.0/100,1.0,29.7076703,-95.39784363145692
1,Mayo Clinic,6610451,53821,WI,79.9/100,3.0,43.051688,-91.1328666
2,UCLA Medical Center,6931755,90095,CA,73.2/100,5.0,34.0655633,-118.445498
3,Cleveland Clinic,6410670,44333,OH,71.9/100,6.0,41.1311623,-81.6107858
4,Cedars-Sinai Medical Center,6930444,90048,CA,67.7/100,11.0,34.0751604,-118.38109362449856
5,Johns Hopkins Hospital,6320180,21287,MD,67.4/100,13.0,39.296439199999995,-76.59239403267401
6,Stanford Health Care-Stanford Hospital,6932330,94550,CA,66.2/100,15.0,37.67754085,-121.78163750818334
7,Massachusetts General Hospital,6140430,02114,MA,61.0/100,21.0,42.36286045,-71.06875296664998
8,Duke University Hospital,6360355,27710,NC,60.5/100,22.0,36.007021300000005,-78.93734788335824
9,Mayo Clinic-Phoenix,6860019,85054,AZ,60.4/100,23.0,33.66161605,-111.95891195819978
10,UT Southwestern Medical Center,6740343,75390,TX,60.2/100,25.0,32.8138432,-96.84391424383165
11,Houston Methodist Hospital,6741960,77030,TX,58.2/100,29.0,29.7108167,-95.39926397738664
12,AdventHealth Orlando,6390690,32803,FL,57.9/100,30.0,28.574631949999997,-81.36937223635866
13,Beth Israel Deaconess Medical Center,6140013,02215,MA,57.7/100,31.0,42.3397904,-71.10488119870453
14,Rush University Medical Center,6430985,60612,IL,57.7/100,31.0,41.873526049999995,-87.66910150819083
15,Vanderbilt University Medical Center,6521060,37232,TN,57.0/100,38.0,36.14092375,-86.80163418092431
16,Emory University Hospital,6380570,30322,GA,55.3/100,43.0,33.792151000000004,-84.32208292907711
17,MedStar Georgetown University Hospital,6330130,20007,DC,55.1/100,44.0,38.9111463,-77.07534615326537
18,UCI Medical Center,6932290,92868,CA,54.5/100,46.0,33.787356,-117.88842240324416
19,University of Kansas Hospital,6670510,66160,KS,54.5/100,46.0,39.0571097,-94.60954381173707
20,Queen's Medical Center,6950380,96813,HI,54.4/100,48.0,21.30814575,-157.8541318869153
21,Fred & Pamela Buffett Cancer Center,6660005,68105,NE,53.3/100,,41.2555695,-95.97950174363602
22,UW Health University Hospital,6450820,53792,WI,53.3/100,,43.0763751,-89.43200488089545
23,Mayo Clinic-Jacksonville,6390380,32224,FL,52.9/100,,30.260465699999997,-81.44479406045171
24,Fox Chase Cancer Center,6231660,19111,PA,52.7/100,,40.07127055,-75.09098053005897
25,University of Virginia Medical Center,6344000,22908,VA,52.4/100,,38.0324342,-78.499060670954
26,Baylor University Medical Center,6740900,75226,TX,52.1/100,,32.7865443,-96.78199034999997
27,Loma Linda University Medical Center,6930053,92354,CA,51.6/100,,34.04911185,-117.26343554537584
28,VCU Medical Center,6340860,23219,VA,51.5/100,,37.540257499999996,-77.43006310233004
29,Dartmouth Hitchcock Medical Center,6120170,03756,NH,50.8/100,,43.67568425,-72.27010182235165
30,Levine Cancer Institute,6360280,28204,NC,50.0/100,,35.2061955,-80.83816531315156
31,University of Maryland Medical Center,6320330,21201,MD,50.0/100,,39.28827365,-76.62439437177966
32,Advocate Christ Medical Center,6432413,60453,IL,49.6/100,,41.7217948,-87.73024577776657
33,Henry Ford Hospital,6440650,48202,MI,49.5/100,,42.367852150000004,-83.08551959773033
34,Tampa General Hospital,6391060,33606,FL,49.5/100,,27.9375006,-82.45890025533528
35,UNC Hospitals,6360260,27607,NC,49.4/100,,35.8181161,-78.7032625
36,Presbyterian-St. Luke's Medical Center,6840365,80218,CO,49.1/100,,39.74715715000001,-104.96709668893541
37,Roswell Park Comprehensive Cancer Center,6211120,14226,NY,48.9/100,,42.898619800000006,-78.86568071180923
38,Northwestern Medicine Lake Forest Hospital,6432060,60045,IL,48.8/100,,42.25475545,-87.86640630618811
39,University Health-San Antonio,6743105,78229,TX,48.1/100,,29.5048654,-98.57612786342676
40,Emory St. Joseph's Hospital,6380200,30342,GA,47.6/100,,33.9092071,-84.34918344111804
41,Boston Medical Center,6140010,02118,MA,47.4/100,,42.33417195,-71.07464492068902
42,MedStar Washington Hospital Center,6330120,20422,DC,47.3/100,,38.929028349999996,-77.01489463927336
43,West Penn Hospital,6232690,15224,PA,47.2/100,,40.461002699999995,-79.94612377082481
44,Beaumont Hospital-Royal Oak,6442245,48073,MI,47.0/100,,42.514257400000005,-83.19290614899629
45,Scripps La Jolla Hospitals,6931130,92037,CA,47.0/100,,32.88436395,-117.22493980169492
46,Banner Gateway Medical Center,6860043,85234,AZ,46.9/100,,33.3850106,-111.72296660105481
47,MetroHealth Medical Center,6410655,44109,OH,46.9/100,,41.46041015,-81.69794784837309
48,Atrium Health Wake Forest Baptist Medical Center,6361700,27006,NC,46.5/100,,36.00937885,-80.44760924289538
49,Northside Hospital Atlanta,6380171,30342,GA,46.5/100,,33.9102901,-84.35450682100918
50,Loyola University Medical Center,6430841,60153,IL,46.4/100,,41.85901495,-87.83524274972845
51,Banner-University Medical Center Tucson,6860516,85724,AZ,46.2/100,,32.24123395,-110.94560417842027
52,University Medical Center-Lubbock,6742372,79415,TX,46.2/100,,33.58920315,-101.89199470216693
53,UF Health Shands Hospital,6390283,32608,FL,45.8/100,,29.64042595,-82.3434712582707
54,Penn State Health Milton S. Hershey Medical Center,6230705,17033,PA,45.6/100,,40.26370945,-76.67482218737376
55,Providence Saint John's Health Center,6933450,90404,CA,45.3/100,,34.03059945,-118.47945850177965
56,Avera McKennan Hospital and University Health Center,6650420,57105,SD,45.2/100,,43.534261150000006,-96.71380581391841
57,Emory University Hospital Midtown,6380080,30308,GA,45.2/100,,33.770310699999996,-84.3862718471207
58,Tufts Medical Center,6140465,02111,MA,45.2/100,,42.349555300000006,-71.06341692346794
59,Advocate Illinois Masonic Medical Center,6430024,60657,IL,44.7/100,,41.9375103,-87.65123024161718
60,Sharp Memorial Hospital,6932785,92123,CA,44.7/100,,32.79969815,-117.15435353818233
61,University of New Mexico Hospitals,6850037,87106,NM,44.3/100,,35.088498900000005,-106.61792076912994
62,Saint Luke's Cancer Institute,6630470,83687,ID,44.2/100,,43.6165048,-116.59211722871181
63,Sentara Norfolk General Hospital,6340620,23507,VA,44.2/100,,36.86246035,-76.30383383885481
64,Indiana University Health Medical Center,6420020,46204,IN,44.1/100,,39.78755735,-86.16382215911352
65,Karmanos Cancer Center,6440043,48201,MI,43.9/100,,42.3570277,-83.06208974134931
66,Hoag Memorial Hospital Presbyterian,6932115,92663,CA,43.6/100,,33.62344445,-117.92960405873278
67,Upstate University Hospital,6214885,13210,NY,43.4/100,,43.0425629,-76.1401517
68,Stormont Vail Hospital,6671025,66606,KS,43.2/100,,39.05252835,-95.6963517997523
69,Marin General Hospital,6933370,94904,CA,43.0/100,,37.9470222,-122.5373426
70,Inova Fairfax Hospital,6340490,22042,VA,42.9/100,,38.8574108,-77.22849480984827
71,Lancaster General Hospital,6231120,17602,PA,42.9/100,,40.047534999999996,-76.30429175289342
72,Sky Ridge Medical Center,6840023,80124,CO,42.9/100,,39.52894535,-104.8713302471549
73,UNC Rex Hospital,6361210,27607,NC,42.9/100,,35.8184338,-78.7037664
74,Cleveland Clinic Weston,6390205,33331,FL,42.4/100,,26.0825093,-80.3677958
75,Advocate Lutheran General Hospital,6430405,60068,IL,42.3/100,,42.038710800000004,-87.84847161416862
76,Greater Baltimore Medical Center,6320125,21204,MD,42.2/100,,39.3917767,-76.62564001825842
77,Covenant Medical Center-Lubbock,6742360,79410,TX,42.1/100,,33.57689345,-101.89211173098738
78,Banner-University Medical Center Phoenix,6860250,85006,AZ,42.0/100,,33.46470925,-112.05858003890629
79,Saint Joseph Hospital-Lexington,6510440,40504,KY,41.9/100,,38.032701200000005,-84.52709354466595
80,Medical City Dallas,6741025,75230,TX,41.6/100,,32.91149145,-96.7732312545507
81,Abbott Northwestern Hospital,6610815,55407,MN,41.4/100,,44.9540508,-93.26133432727019
82,Houston Methodist Willowbrook Hospital,6740204,77070,TX,41.4/100,,29.9671381,-95.55112997078027
83,Memorial Hospital West,6390034,33028,FL,41.3/100,,26.012667049999997,-80.31001449306567
84,Dell Seton Medical Center at the University of Texas,6741110,78701,TX,41.2/100,,30.27715345,-97.73440380486116
85,Providence Portland Medical Center,6920520,97213,OR,41.1/100,,45.528206499999996,-122.61342203311631
86,Advocate Sherman Hospital,6431610,60123,IL,41.0/100,,42.06992555,-88.3311591326983
87,Aurora St. Luke's Medical Center,6450017,53151,WI,41.0/100,,42.9825503,-88.09516630051357
88,Las Palmas Medical Center,6741315,79902,TX,41.0/100,,31.7699876,-106.49834227113362
89,Amita Health Adventist La Grange Medical Center,6432055,60525,IL,40.9/100,,41.7970051,-87.8872484
90,Beaumont Hospital-Dearborn,6440405,48124,MI,40.9/100,,42.2901126,-83.21473655701938
91,Beaumont Hospital-Grosse Pointe,6441260,48230,MI,40.9/100,,42.383509849999996,-82.91382827966505
92,Good Samaritan Hospital-Cincinnati,6410490,45220,OH,40.8/100,,39.13998455,-84.52170174904023
93,Henry Mayo Newhall Hospital,6933488,91355,CA,40.7/100,,34.39823345,-118.55308717938074
94,Eisenhower Medical Center,6932324,92270,CA,40.6/100,,33.763364949999996,-116.406171354673
95,George Washington University Hospital,6330140,20037,DC,40.6/100,,38.90137665,-77.05061590670616
96,Adventist Health Glendale,6930831,91020,CA,40.5/100,,34.2051877,-118.2199722
97,Missouri Baptist Medical Center,6631100,63131,MO,40.5/100,,38.636162600000006,-90.4463108730643
98,Temple University Hospital,6232300,19140,PA,40.5/100,,40.005307900000005,-75.1508235158642
99,Duke Regional Hospital,6360440,27704,NC,40.4/100,,36.03643695,-78.8996543662317
100,Sanford Medical Center Fargo,6640180,58122,ND,40.3/100,,46.8455717,-96.87681928117539
101,Lehigh Valley Hospital-Cedar Crest,6230013,18105,PA,40.2/100,,40.5649685,-75.52189506886113
102,Rhode Island Hospital,6150150,02903,RI,40.2/100,,41.8118618,-71.4091293
103,Memorial Hermann Greater Heights Hospital,6741952,77008,TX,40.1/100,,29.810625950000002,-95.43131932604167
104,Methodist Richardson Medical Center,6742911,75082,TX,40.1/100,,32.996120700000006,-96.66711120747496
105,Banner Del E. Webb Medical Center,6860430,85375,AZ,40.0/100,,33.65980525,-112.37280075731924
106,Augusta University Medical Center,6380254,30912,GA,39.9/100,,33.471100050000004,-81.98981674626567
107,Providence Holy Cross Medical Center,6932860,91345,CA,39.9/100,,34.28080275,-118.45888287512756
108,Ochsner Medical Center,6720631,70121,LA,39.8/100,,29.9610677,-90.14567367271772
109,St. Luke's University Hospital-Bethlehem Campus,6230049,18015,PA,39.8/100,,40.60928045,-75.39319740140317
110,University of Illinois Hospital,6430553,60612,IL,39.8/100,,41.869717300000005,-87.67046328405777
111,Advocate Good Shepherd Hospital,6430160,60010,IL,39.7/100,,42.1953222,-88.17399300655737
112,Ascension St. Alexius Hospital,6431926,60169,IL,39.5/100,,42.054060750000005,-88.14157982795683
113,Carle Foundation Hospital,6433070,61801,IL,39.5/100,,40.1171527,-88.2160753073114
114,Kaiser Permanente San Francisco Medical Center,6930015,94080,CA,39.5/100,,37.65965475,-122.43985693178024
115,Piedmont Fayette Hospital,6380024,30214,GA,39.5/100,,33.45314975,-84.5078021547979
116,Pennsylvania Hospital,6230022,19107,PA,39.4/100,,39.9453079,-75.15567002165827
117,Swedish First Hill Hospital,6910006,98122,WA,39.4/100,,47.6086804,-122.32266206832728
118,ECU Health Medical Center,6360690,27834,NC,39.2/100,,35.60743515,-77.40324884464727
119,HonorHealth Scottsdale Shea Medical Center,6860395,85258,AZ,39.1/100,,33.578619450000005,-111.88363582748406
120,UF Health Jacksonville,6390082,32209,FL,39.1/100,,30.3484582,-81.66491490988216
121,Chester County Hospital,6233400,19380,PA,39.0/100,,39.97134345,-75.60194110695176
122,Cleveland Clinic Akron General,6410010,44307,OH,39.0/100,,41.0784507,-81.53172862857143
123,Research Medical Center,6630435,64132,MO,38.9/100,,39.009935049999996,-94.5597490400278
124,UPMC Passavant,6232540,15237,PA,38.9/100,,40.57410565,-80.01057467415487
125,Virginia Mason Medical Center,6910780,98101,WA,38.9/100,,47.610168099999996,-122.32788525305163
126,Kaiser Permanente Sunnyside Medical Center,6920045,97015,OR,38.8/100,,45.431215550000005,-122.56041261810407
127,Memorial Hermann Hospital,6741890,77074,TX,38.8/100,,29.6938503,-95.52216338049186
128,Ascension Providence Hospital-Southfield,6440780,48075,MI,38.7/100,,42.457558899999995,-83.2053083149466
129,Sentara Virginia Beach General Hospital,6341162,23454,VA,38.7/100,,36.8648269,-76.0263521
130,Baptist Memorial Hospital-Memphis,6520681,38120,TN,38.6/100,,35.12865085,-89.86071256181081
131,SCL Health St. Joseph Hospital,6840400,80218,CO,38.6/100,,39.7461762,-104.9710857
132,UMass Memorial Medical Center,6141095,01605,MA,38.4/100,,42.285242,-71.78967731415291
133,ChristianaCare Hospitals,6310120,21921,MD,38.3/100,,39.609261700000005,-75.83205073607274
134,Jefferson Health-Abington Hospital,6230010,19001,PA,38.3/100,,40.1196538,-75.12019398442041
135,Inova Loudoun Hospital,6340400,20176,VA,38.2/100,,39.0744725,-77.47767107767453
136,Kaiser Permanente Downey Medical Center,6930243,90242,CA,38.2/100,,33.9189345,-118.12806825381877
137,Johns Hopkins Bayview Medical Center,6320050,21224,MD,38.1/100,,39.29121285,-76.5490695530589
138,Providence Alaska Medical Center,6940020,99515,AK,38.1/100,,61.1871675,-149.8194390739112
139,Providence St. Joseph Medical Center-Burbank,6930340,91505,CA,38.1/100,,34.1562348,-118.3285235568085
140,Porter Adventist Hospital,6840360,80210,CO,38.0/100,,39.6710749,-104.97620830859658
141,Billings Clinic,6810020,59101,MT,37.9/100,,45.78960595,-108.51365771273277
142,Memorial Regional Hospital,6390295,33021,FL,37.8/100,,26.01958385,-80.17993680948575
143,Methodist Dallas Medical Center,6741018,75203,TX,37.8/100,,32.761253350000004,-96.82504595860804
144,St. David's South Austin Medical Center,6740095,78704,TX,37.8/100,,30.226129450000002,-97.77460740541335
145,Banner Estrella Medical Center,6860036,85037,AZ,37.7/100,,33.47826845,-112.2573789049543
146,Swedish Medical Center,6840530,80113,CO,37.7/100,,39.6542801,-104.98121539103656
147,Advocate Condell Medical Center,6432080,60048,IL,37.5/100,,42.2745807,-87.95734141815933
148,Geisinger Wyoming Valley Medical Center,6232725,18711,PA,37.5/100,,41.257512950000006,-75.80758933120761
149,Jewish Hospital-Mercy Health,6419060,45243,OH,37.5/100,,39.2059068,-84.36973853543049
150,Chesapeake Regional Medical Center,6340145,23320,VA,37.4/100,,36.748156249999994,-76.24709958904123
151,Medical City Plano,6742865,75075,TX,37.3/100,,33.0214002,-96.76653591263403
152,WellStar Kennestone Hospital,6380775,30061,GA,37.3/100,,33.96859775,-84.55290502969561
153,Northside Hospital Cherokee,6380382,30115,GA,37.1/100,,34.22885345,-84.46471166207907
154,Salem Hospital,6920708,97301,OR,37.1/100,,44.932458249999996,-123.03411759458547
155,Advocate Good Samaritan Hospital,6431475,60515,IL,36.9/100,,41.8200584,-88.00833511262515
156,Inova Alexandria Hospital,6340020,22304,VA,36.9/100,,38.8223813,-77.10473399085639
157,St. Peter's Hospital-Albany,6210070,12208,NY,36.9/100,,42.655062900000004,-73.80397557333298
158,Trinity Health Ann Arbor Hospital,6440087,48197,MI,36.9/100,,42.26544705,-83.65447509678506
159,Beaumont Hospital-Troy,6442463,48314,MI,36.8/100,,42.6185336,-83.0893609
160,Bridgeport Hospital,6160002,06610,CT,36.8/100,,41.189470850000006,-73.16746970382079
161,Sanford USD Medical Center,6650007,57105,SD,36.8/100,,43.535441399999996,-96.74313037183335
162,St. Luke's Hospital-Chesterfield,6630075,63017,MO,36.7/100,,38.650904600000004,-90.50356213211631
163,Texas Health Presbyterian Hospital Plano,6740945,75093,TX,36.7/100,,33.043745349999995,-96.83625957378422
164,Sinai Hospital of Baltimore,6320280,21215,MD,36.6/100,,39.35289645,-76.66228716247511
165,Virtua Voorhees Hospital,6221600,08043,NJ,36.6/100,,39.84324315,-74.9278507119469
166,Albany Medical Center,6210030,12208,NY,36.5/100,,42.653810500000006,-73.77695851652038
167,Elmhurst Hospital,6431620,11373,NY,36.4/100,,40.74476995,-73.88564685011681
168,University Hospital-Augusta,6380270,30901,GA,36.4/100,,33.47126795,-81.98237338609431
169,Baptist Health Floyd,6421045,47150,IN,36.2/100,,38.3012356,-85.83365108563402
170,John H. Stroger Jr. Hospital of Cook County,6430600,60612,IL,36.2/100,,41.8729343,-87.67380048794101
171,Ascension St. John Hospital,6440805,48054,MI,36.1/100,,42.785390750000005,-82.4810795814041
172,Community Hospital of the Monterey Peninsula,6930385,93940,CA,36.1/100,,36.57924305,-121.91320301416081
173,Grady Memorial Hospital,6380130,30303,GA,36.1/100,,33.7517323,-84.3820052053816
174,OhioHealth Riverside Methodist Hospital,6411110,43214,OH,36.1/100,,40.031082850000004,-83.03471619725235
175,Prisma Health Greenville Memorial Hospital,6370323,29601,SC,35.9/100,,34.81959795,-82.41041755696604
176,Providence St. Vincent Medical Center,6920540,97225,OR,35.9/100,,45.5109344,-122.77406414999999
177,Renown Regional Medical Center,6880130,89502,NV,35.9/100,,39.52549275,-119.79596002487868
178,Ascension Seton Medical Center Austin,6740200,78705,TX,35.8/100,,30.3051991,-97.74546130841048
179,Mount Carmel St. Ann's Hospital,6411060,43081,OH,35.8/100,,40.11459975,-82.94466901501167
180,Swedish Hospital,6431180,98052,WA,35.8/100,,47.67640045,-122.0991002
181,Ascension Providence Rochester Hospital,6442198,48307,MI,35.7/100,,42.67884645,-83.14916252338845
182,UCHealth Memorial Hospital,6840190,80903,CO,35.6/100,,38.839738,-104.7995594
183,Geisinger Medical Center,6230550,17822,PA,35.4/100,,40.966707,-76.605347
184,Houston Methodist Sugar Land Hospital,6740138,77479,TX,35.3/100,,29.58961845,-95.63033368418519
185,Northwest Community Hospital,6432485,60005,IL,35.3/100,,42.068878749999996,-87.99289102900977
186,Sharp Grossmont Hospital,6930887,91942,CA,35.3/100,,32.78093805,-117.00666249522895
187,UPMC Hamot,6230760,16550,PA,35.3/100,,42.1337769,-80.08726459816377
188,Vassar Brothers Medical Center,6214140,12601,NY,35.3/100,,41.693605500000004,-73.93481691180614
189,Intermountain Medical Center,6870141,84107,UT,35.2/100,,40.65952605,-111.8911943773619
190,Mayo Clinic Eau Claire,6450310,54701,WI,35.2/100,,44.7923596,-91.5080934781978
191,Medical Center of Aurora,6840014,80012,CO,35.2/100,,39.691197,-104.8319607
192,Sparks Regional Medical Center,6710220,72901,AR,35.2/100,,35.373154650000004,-94.41934629895965
193,UPMC Harrisburg,6230039,17101,PA,35.1/100,,40.25773185,-76.87973120761411
194,Huntington Hospital,6932350,91105,CA,35.0/100,,34.133226050000005,-118.15224362882289
195,Methodist Hospital of Southern California,6931630,91007,CA,35.0/100,,34.13412015,-118.04196128680682
196,Methodist Hospital-San Antonio,6743122,78229,TX,35.0/100,,29.508434450000003,-98.57193321760892
197,University of Cincinnati Medical Center,6410435,45267,OH,35.0/100,,39.13821725,-84.50332646284724
198,Parkview Regional Medical Center,6429153,46845,IN,34.9/100,,41.1865271,-85.1012666127903
199,Santa Barbara Cottage Hospital,6933375,93105,CA,34.9/100,,34.4302707,-119.722808
200,Ascension St. Vincent Hospital,6420715,47834,IN,34.8/100,,39.5288684,-87.11129780414319
201,Bethesda North Hospital,6410382,45242,OH,34.8/100,,39.2513937,-84.3401060680363
202,Saratoga Hospital,6214520,12866,NY,34.8/100,,43.0858549,-73.79717755305575
203,St. David's Medical Center,6740190,78705,TX,34.8/100,,30.289698700000002,-97.72568586862798
204,Memorial Hermann Memorial City Medical Center,6741970,77024,TX,34.6/100,,29.78170415,-95.54671017208861
205,Baystate Medical Center,6141955,01199,MA,34.4/100,,42.121522049999996,-72.60300615153007
206,Willis-Knighton Medical Center,6720877,71103,LA,34.4/100,,32.48491885,-93.77870669427526
207,Bronson Methodist Hospital,6441550,49007,MI,34.3/100,,42.28656025,-85.5801876393196
208,Carilion Roanoke Memorial Hospital,6341040,24014,VA,34.3/100,,37.25133545,-79.94157574667845
209,Kaiser Permanente Moanalua Medical Center,6950330,96819,HI,34.3/100,,21.3633504,-157.899779
210,Los Alamitos Medical Center,693139A,90720,CA,34.3/100,,33.80426225,-118.06704459961311
211,Main Line Health Bryn Mawr Hospital,6230260,19073,PA,34.3/100,,39.9874076,-75.41054720645789
212,Banner Desert Medical Center,6860016,85202,AZ,34.2/100,,33.3896734,-111.87716994772873
213,Jackson Memorial Hospital,6390573,33136,FL,34.1/100,,25.791670500000002,-80.21260146013265
214,St. Joseph's Hospital-Tampa,6390053,33603,FL,34.1/100,,27.98275015,-82.4914636630387
215,East Jefferson General Hospital,6720418,70006,LA,33.9/100,,30.0131832,-90.18109626848826
216,St. Mary's Regional Medical Center-Reno,6880110,89503,NV,33.9/100,,39.532474300000004,-119.81981311951776
217,Legacy Good Samaritan Medical Center,6920418,97210,OR,33.8/100,,45.5300829,-122.69556331389677
218,Moses H. Cone Memorial Hospital,6360002,27401,NC,33.8/100,,36.0914674,-79.78629260736251
219,Baptist Medical Center Jacksonville,6390308,32207,FL,33.7/100,,30.315937750000003,-81.66325825709765
220,South Shore Hospital-South Weymouth,6141900,02190,MA,33.7/100,,42.175539799999996,-70.9539153674405
221,Texas Health Harris Methodist Hospital Fort Worth,6741440,76104,TX,33.7/100,,32.7369675,-97.33885895982793
222,Mount Sinai Medical Center,6390640,33140,FL,33.6/100,,25.81338075,-80.14087344557441
223,Scripps Memorial Hospital-Encinitas,6930648,92024,CA,33.6/100,,33.03785755,-117.28449840926157
224,Doctors Hospital at Renaissance,6740232,78539,TX,33.5/100,,26.25373185,-98.20621188725785
225,Mercy Health-Fairfield Hospital,6410855,45014,OH,33.5/100,,39.31334,-84.51704311045535
226,Our Lady of the Lake Regional Medical Center,6720028,70808,LA,33.5/100,,30.40329195,-91.10669674629335
227,St. Mary's Medical Center-Huntington,6350400,25702,WV,33.5/100,,38.43118585,-82.40048172744117
228,MultiCare Tacoma General Hospital,6911018,98403,WA,33.4/100,,47.26004399999999,-122.45280402792287
229,St. Alphonsus Regional Medical Center,6820040,83704,ID,33.4/100,,43.6136926,-116.25597697009587
230,AdventHealth Hinsdale,6431920,60521,IL,33.3/100,,41.80568875,-87.9205187159671
231,Allegheny General Hospital,6230041,15212,PA,33.3/100,,40.45697185,-80.00330688247614
232,Ascension Alexian Brothers Hospital,6431613,60007,IL,33.3/100,,42.0049353,-88.0160223525147
233,Christus Mother Frances Hospital-Tyler,6743570,75701,TX,33.3/100,,32.343194600000004,-95.29112364539603
234,Menorah Medical Center,6670020,66209,KS,33.3/100,,38.91001905,-94.65159693054947
235,Mercy San Juan Medical Center,6930037,95608,CA,33.3/100,,38.66952005,-121.31317653001221
236,Summa Health-Akron Campus,6410012,44304,OH,33.3/100,,41.080726350000006,-81.50047818087516
237,Indiana University Health Arnett Hospital,6420076,47905,IN,33.2/100,,40.40068445,-86.80629351441166
238,Legacy Meridian Park Medical Center,6920805,97062,OR,33.2/100,,45.378349650000004,-122.74146327661194
239,Sarasota Memorial Hospital,6390052,34239,FL,33.2/100,,27.318648500000002,-82.53178472755263
240,The University of Tennessee Medical Center,6520575,37920,TN,33.2/100,,35.940071,-83.94347854130234
241,University of Maryland St. Joseph Medical Center,6320260,21204,MD,33.2/100,,39.38711115,-76.61108884606278
242,Mississippi Baptist Medical Center,6540007,39202,MS,33.1/100,,32.31506295,-90.1801577774954
243,Danbury Hospital,6160100,06810,CT,33.0/100,,41.40521795,-73.44515867833094
244,Mercy Hospital St. Louis,6631165,63017,MO,33.0/100,,38.6484715,-90.5340658
245,MercyOne Des Moines Medical Center,6620003,50314,IA,33.0/100,,41.5990677,-93.62358434868624
246,Banner Thunderbird Medical Center,6860013,85306,AZ,32.9/100,,33.60894775,-112.17973936395063
247,Bayhealth Kent General Hospital,6310007,19901,DE,32.9/100,,39.151393350000006,-75.52357108854638
248,Lafayette General Medical Center,6720340,70503,LA,32.9/100,,30.202767549999997,-92.01943869976498
249,Ochsner LSU Health Shreveport  Academic Medical Center,6720776,71103,LA,32.9/100,,32.480943499999995,-93.76188166664248
250,Winchester Medical Center,6341200,22603,VA,32.9/100,,39.1918903,-78.20042507814924
251,Aurora West Allis Medical Center,6452165,53227,WI,32.8/100,,43.00089305,-88.02440550210889
252,Miami Valley Hospital,6411190,45409,OH,32.7/100,,39.74524605,-84.18604426125285
253,Winchester Hospital,6142280,01890,MA,32.7/100,,42.465802,-71.1227029917842
254,Auxilio Mutuo Hospital,6040155,00931,PR,32.6/100,,18.40963155,-66.05105236899138
255,Texas Health Presbyterian Hospital Dallas,6741050,75231,TX,32.6/100,,32.87977855,-96.76244674183924
256,Cooper University Health Care-Camden,6220190,08034,NJ,32.4/100,,39.90285625,-75.01404095136647
257,Enloe Medical Center,6930096,95926,CA,32.4/100,,39.7424302,-121.85020084064624
258,Reading Hospital,6233443,19611,PA,32.4/100,,40.33064195,-75.95017113808055
259,SSM Health St. Louis University Hospital,6631020,63110,MO,32.4/100,,38.6229713,-90.2390457
260,Centra Lynchburg General Hospital,6340013,24501,VA,32.3/100,,37.41708885,-79.17145124709822
261,Boone Hospital Center,6630130,65201,MO,32.2/100,,38.94891115,-92.31572163644981
262,Halifax Health Medical Center of Daytona Beach,6390056,32114,FL,32.2/100,,29.2002556,-81.05411926079067
263,HCA Houston Healthcare Clear Lake,6740149,77598,TX,32.2/100,,29.54101445,-95.12789112235939
264,Orlando Health-Orlando Regional Medical Center,6390695,32806,FL,32.2/100,,28.5249903,-81.3771828
265,WellSpan York Hospital,6233550,17403,PA,32.2/100,,39.94527035,-76.7182406863968
266,Cape Coral Hospital,6390068,33990,FL,32.1/100,,26.63949695,-81.94327389128298
267,Kaiser Permanente Riverside Medical Center,6932605,92505,CA,32.1/100,,33.9049907,-117.46926419076487
268,Houston Methodist West Hospital,6740878,77094,TX,32.0/100,,29.78729135,-95.69810669235056
269,Jefferson Hospital-Jefferson Hills,6230979,15025,PA,32.0/100,,40.3184899,-79.93344824387502
270,St. Luke's Cornwall Hospital,6210037,12550,NY,32.0/100,,41.5034081,-74.01438828333266
271,Sanford Medical Center Bismarck,6640020,58501,ND,31.9/100,,46.80749415,-100.78233460544614
272,Adventist Healthcare Shady Grove Medical Center,6320775,20850,MD,31.8/100,,39.0984534,-77.1985460134224
273,Nebraska Methodist Hospital,6660710,68114,NE,31.8/100,,41.2569447,-96.0419008802565
274,Norton Hospitals,6510488,40217,KY,31.8/100,,38.21551015,-85.72207351604759
275,Mercy General Hospital,6932670,95819,CA,31.6/100,,38.57057075,-121.45302027905446
276,Scripps Mercy Hospital,6932810,92103,CA,31.6/100,,32.7513283,-117.16007101785885
277,Cabell Huntington Hospital,6350345,25701,WV,31.5/100,,38.40906865,-82.4262089895993
278,Creighton University Medical Center-Bergan Mercy,6660720,68124,NE,31.5/100,,41.2395005,-96.03112319371702
279,Glens Falls Hospital,6211670,12801,NY,31.4/100,,43.3063845,-73.64601065973591
280,North Kansas City Hospital,6630785,64116,MO,31.4/100,,39.14991225,-94.55144290900245
281,Christ Hospital,6410430,07306,NJ,31.3/100,,40.73391145,-74.04998937949378
282,AdventHealth Tampa,6391103,33613,FL,31.2/100,,28.07149065,-82.42189717822723
283,McLeod Regional Medical Center,6370009,29505,SC,31.2/100,,34.19697645,-79.75812559645587
284,UPMC Magee-Womens Hospital,6232460,15213,PA,31.2/100,,40.4373688,-79.96128067750435
285,Our Lady of Lourdes Regional Medical Center,6720343,70508,LA,31.1/100,,30.15038875,-92.0361802660086
286,PIH Health Hospital-Whittier,6933885,90602,CA,31.1/100,,33.96997575,-118.04971692118872
287,University of Mississippi Medical Center,6540004,39216,MS,31.0/100,,32.32938955,-90.1725205723653
288,FirstHealth Moore Regional Hospital,6361150,28374,NC,30.9/100,,35.2059281,-79.45629907800082
289,St. David's North Austin Medical Center,6740093,78758,TX,30.9/100,,30.4117954,-97.70636441917071
290,Baptist Health Medical Center-Little Rock,6710335,72205,AR,30.8/100,,34.743831,-92.38100358733801
291,Baptist Health Lexington,6510407,40503,KY,30.7/100,,38.01869995,-84.51235422426745
292,Gulf Coast Medical Center,6390323,33912,FL,30.7/100,,28.2918669,-82.70967880407579
293,Mary Washington Hospital,6340290,22401,VA,30.7/100,,38.31038945,-77.4838342856807
294,University of Vermont Medical Center,6130001,05401,VT,30.7/100,,44.47849285,-73.19291916790445
295,AnMed Health Medical Center,6370030,29621,SC,30.6/100,,34.51176615,-82.64641246303822
296,DMC Sinai-Grace Hospital,6440630,48235,MI,30.6/100,,42.41907925,-83.18238206795442
297,Kaiser Permanente Los Angeles Medical Center,6930051,90027,CA,30.6/100,,34.09851265,-118.2943684695432
298,Rapides Regional Medical Center,6720020,71301,LA,30.6/100,,31.31446655,-92.44979328481406
299,Wilmot Cancer Institute,6214330,14620,NY,30.6/100,,43.12224715000001,-77.62210325060374
300,Providence Sacred Heart Medical Center and Children's Hospital,6910980,99204,WA,30.5/100,,47.6483761,-117.41171020983217
301,Morton Plant Hospital,6390090,33756,FL,30.4/100,,27.952054,-82.80158397341086
302,Santa Clara Valley Medical Center,6933240,95128,CA,30.4/100,,37.31312855,-121.935317957676
303,El Camino Health-Mountain View,6931392,94040,CA,30.3/100,,37.368933,-122.0804218
304,Regions Hospital,6611570,55101,MN,30.3/100,,44.955612650000006,-93.0946632397233
305,RMC Anniston,6530070,36207,AL,30.3/100,,33.6553544,-85.823759725
306,Sentara RMH Medical Center,6340340,22801,VA,30.3/100,,38.4052016,-78.85597049217591
307,St. Francis Hospital-Tulsa,6731215,74136,OK,30.3/100,,36.07155745,-95.9197326453028
308,UnityPoint Health-St. Luke's Hospital,6620180,51104,IA,30.3/100,,42.5194986,-96.40547726179773
309,Medical Center of Trinity,6398093,34655,FL,30.2/100,,28.189318749999998,-82.6681842029883
310,SSM Health St. Mary's Hospital-St. Louis,6630995,63117,MO,30.2/100,,38.63211805,-90.31100715237383
311,St. Anthony's Hospital,6390940,33713,FL,30.2/100,,27.7780068,-82.65020472756231
312,Bellin Memorial Hospital,6450420,54305,WI,30.0/100,,44.50273985,-88.01146462242782
313,Mercy Hospital Springfield,6631350,65804,MO,30.0/100,,37.1779865,-93.27414378114038
314,Alta Bates Summit Medical Center-Berkeley,6930290,94704,CA,29.9/100,,37.86306425,-122.27091380518019
315,Henry Ford West Bloomfield Hospital,6440049,48322,MI,29.9/100,,42.53736925,-83.40713014827361
316,Miriam Hospital,6150130,02906,RI,29.9/100,,41.85236555,-71.39827286024945
317,St. Charles Medical Center,6920070,97741,OR,29.9/100,,44.6380807,-121.12074282305377
318,Baptist Medical Center,6740415,33177,FL,29.8/100,,25.62581415,-80.41182742451808
319,Hospital of Central Connecticut,6160013,06052,CT,29.8/100,,41.66138145,-72.78671157363726
320,Kaiser Permanente Baldwin Park Medical Center,6930098,91706,CA,29.8/100,,34.065076700000006,-117.98636036887852
321,Rochester General Hospital,6214290,14621,NY,29.8/100,,43.1920427,-77.5882888540516
322,Forbes Hospital,6232551,15146,PA,29.7/100,,40.428916900000004,-79.74822769695785
323,Integris Baptist Medical Center,6730728,73112,OK,29.7/100,,35.5294826,-97.57649973257467
324,Shannon Medical Center,6740129,76903,TX,29.7/100,,31.46476045,-100.43385785176329
325,Sparrow Hospital,6441595,48912,MI,29.7/100,,42.73415975,-84.5352782
326,St. Luke's Anderson Campus,6230456,18045,PA,29.7/100,,40.649329249999994,-75.28885977025202
327,Aultman Hospital,6410280,44710,OH,29.6/100,,40.79670185,-81.40340189436196
328,Swedish American Hospital,6432810,61104,IL,29.6/100,,42.265438,-89.07431508707822
329,UP Health System-Marquette,6441720,49855,MI,29.6/100,,46.543804949999995,-87.40939940411731
330,Virginia Hospital Center,6340040,22207,VA,29.6/100,,38.88977955,-77.12755415946859
331,CHI St. Luke's Health-The Woodlands Hospital,6740248,77384,TX,29.5/100,,30.20458265,-95.45804178254686
332,Fort Sanders Regional Medical Center,6520510,37916,TN,29.5/100,,35.95727965,-83.93718487489545
333,Kaiser Permanente Panorama City Medical Center,6933784,91402,CA,29.5/100,,34.2185135,-118.42989173001448
334,Chandler Regional Medical Center,6860028,85224,AZ,29.4/100,,33.29684775,-111.87407504097483
335,Providence Little Company of Mary Medical Center Torrance,6933681,90503,CA,29.4/100,,33.83880825,-118.35718500621408
336,Holy Cross Hospital-Silver Spring,6320813,20910,MD,29.3/100,,39.014906249999996,-77.0351497865924
337,Mount Nittany Medical Center,6230130,16803,PA,29.3/100,,40.81880135,-77.8427667843294
338,Baptist Health Louisville,6510365,40207,KY,29.2/100,,38.2386809,-85.63919777038123
339,Baptist Memorial Hospital-Desoto,6540950,38671,MS,29.2/100,,34.9696335,-89.99645255672343
340,Bryan Medical Center,6660006,68506,NE,29.2/100,,40.7062611,-96.66142984581387
341,St. Agnes Medical Center,6930810,93720,CA,29.2/100,,36.835121599999994,-119.76551510801436
342,Straub Medical Center,6950405,96763,HI,29.2/100,,20.8258413,-156.9172351
343,Duke Raleigh Hospital,6361180,27609,NC,29.1/100,,35.82859565,-78.61794743373098
344,Memorial Hospital of South Bend,6421290,46601,IN,29.1/100,,41.684075750000005,-86.2521447411157
345,St. Joseph Hospital-Eureka,6930106,95501,CA,29.1/100,,40.7840724,-124.1422189
346,William W. Backus Hospital,6160560,06360,CT,29.1/100,,41.54273245,-72.08868694772954
347,Ascension Resurrection,6431020,60631,IL,29.0/100,,41.9884148,-87.81462388174296
348,Banner Boswell Medical Center,6860378,85351,AZ,29.0/100,,33.602772349999995,-112.28377645591408
349,Baton Rouge General Medical Center,6720042,70809,LA,29.0/100,,30.39429225,-91.09499375806638
350,Essentia Health-St. Mary's Medical Center,6610410,55805,MN,29.0/100,,46.79254985,-92.09390686358212
351,Tallahassee Memorial Healthcare,6391030,32308,FL,29.0/100,,30.457571350000002,-84.26103821261236
352,Henry Ford Wyandotte Hospital,6442520,48192,MI,28.9/100,,42.2101521,-83.14730851218805
353,Pali Momi Medical Center,6950001,96701,HI,28.9/100,,21.38351755,-157.9385184578731
354,UW Medicine-Valley Medical Center,6910520,98056,WA,28.9/100,,47.4881537,-122.1653643
355,CarolinaEast Medical Center,6361068,28560,NC,28.8/100,,35.11382065,-77.06673167359875
356,Maine Medical Center,6110430,04102,ME,28.8/100,,43.6531775,-70.27625454009248
357,St. Vincent Hospital-Worcester,6142350,01608,MA,28.8/100,,42.26496835,-71.79655403681465
358,Eastern Maine Medical Center,6110050,04401,ME,28.6/100,,44.8084356,-68.75118548208786
359,Marshfield Medical Center,6450860,54449,WI,28.6/100,,44.678975300000005,-90.17618328425193
360,MedStar Franklin Square Medical Center,6320120,21237,MD,28.6/100,,39.351906299999996,-76.47922352581156
361,Northside Hospital Gwinnett,6380325,30096,GA,28.6/100,,33.9997221,-84.1634251
362,Northwestern Medicine Delnor Hospital,6431765,60134,IL,28.6/100,,41.885441650000004,-88.34394920714993
363,WakeMed Raleigh Campus,6360001,27602,NC,28.6/100,,35.7828862,-78.5870372
364,Doctors Hospital of Augusta,6380265,30909,GA,28.5/100,,33.4864304,-82.09452364191654
365,Houston Methodist The Woodlands Hospital,6741091,77385,TX,28.5/100,,30.20538625,-95.45309353706482
366,Kaiser Permanente South Sacramento Medical Center,6932673,95823,CA,28.5/100,,38.469415049999995,-121.422832325
367,Methodist Stone Oak Hospital,6740417,78258,TX,28.5/100,,29.615997049999997,-98.47467693334383
368,UPMC St. Margaret,6232610,15215,PA,28.5/100,,40.48889775,-79.89605534023003
369,Henrico Doctors' Hospitals,6340012,23229,VA,28.4/100,,37.603302049999996,-77.54148077846145
370,Ascension Genesys Hospital,6440018,48439,MI,28.3/100,,42.891791049999995,-83.64119757434331
371,Mercy Gilbert Medical Center,6860051,85297,AZ,28.3/100,,33.287571549999996,-111.75159241330519
372,Mercy Hospital Oklahoma City,6730800,73120,OK,28.2/100,,35.6071598,-97.60034601443002
373,Mosaic Life Care-St. Joseph,6630009,64506,MO,28.2/100,,39.77354495,-94.7703576225713
374,Concord Hospital,6120030,03301,NH,28.1/100,,-33.837941900000004,151.09321962284412
375,Crestwood Medical Center,6530521,35801,AL,28.1/100,,34.694120999999996,-86.5727493705092
376,Mercy Hospital-Coon Rapids,6610085,55433,MN,28.1/100,,45.1826851,-93.36830355812752
377,Munson Medical Center,6440013,49684,MI,28.1/100,,44.76095495,-85.64207266172778
378,Hillcrest Medical Center,6731180,74120,OK,28.0/100,,36.1467413,-95.96628396522405
379,Lakeland Regional Health Medical Center,6390470,33805,FL,28.0/100,,28.060208950000003,-81.95527548395702
380,UConn John Dempsey Hospital,6160215,06030,CT,28.0/100,,41.7308603,-72.79100272757542
381,Kaiser Permanente Roseville Medical Center,6930421,95661,CA,27.9/100,,38.74651305,-121.25007754766285
382,Kent County Memorial Hospital,6150215,02886,RI,27.9/100,,41.70598545,-71.47724406775322
383,NCH Baker Hospital,6390669,34102,FL,27.9/100,,26.1503028,-81.79918935365694
384,ProMedica Toledo Hospital,6412180,43606,OH,27.9/100,,41.6737582,-83.59491710501217
385,St. Francis Medical Center-Monroe,6720460,71201,LA,27.9/100,,32.49936495,-92.11414652459578
386,CHI Memorial Hospital,6520019,37404,TN,27.8/100,,35.04312795,-85.25942746353982
387,WellStar Cobb Hospital,6380285,30106,GA,27.8/100,,33.8572398,-84.6049795021739
388,Beaumont Hospital-Farmington Hills,6441011,48336,MI,27.7/100,,42.44512185000001,-83.32459688432317
389,Bon Secours St. Francis Medical Center,6340021,23114,VA,27.7/100,,37.4667708,-77.65942679884691
390,Cape Fear Valley Medical Center,6360023,28304,NC,27.7/100,,35.03135185,-78.93356032952505
391,Intermountain St. George Regional Hospital,6870245,84790,UT,27.7/100,,37.09786785,-113.55455741587888
392,PeaceHealth St. Joseph Medical Center,6910001,98225,WA,27.7/100,,48.77359535,-122.47368818919851
393,University of Texas Medical Branch,6741615,77555,TX,27.7/100,,29.312018350000002,-94.77627329985782
394,Adventist Health Bakersfield,6930210,93301,CA,27.6/100,,35.38321965,-119.0200188483598
395,Einstein Medical Center Philadelphia,6231634,19141,PA,27.6/100,,40.0368481,-75.14158870992098
396,North Colorado Medical Center,6840650,80631,CO,27.6/100,,40.4148366,-104.70893358834677
397,St. Rita's Medical Center,6411560,45805,OH,27.6/100,,40.74053825,-84.11818697517316
398,Community Hospital North,6420023,46256,IN,27.5/100,,39.9010217,-86.04089111289873
399,Hartford Hospital,6160003,06102,CT,27.5/100,,41.754068849999996,-72.67939019207263
400,PeaceHealth Southwest Medical Center,6911130,98664,WA,27.5/100,,45.62437405,-122.58104919437407
401,Stamford Hospital,6160009,06904,CT,27.5/100,,41.054522399999996,-73.55252640927945
402,Holston Valley Medical Center,6520470,37660,TN,27.4/100,,36.5542675,-82.554874
403,Jupiter Medical Center,6393411,33458,FL,27.4/100,,26.9226726,-80.096567260211
404,Middlesex Hospital,6160340,06457,CT,27.4/100,,41.554399149999995,-72.6472261134776
405,Northeast Georgia Medical Center,6380019,30517,GA,27.4/100,,34.1206437,-83.83725606512394
406,Touro Infirmary,6720670,70115,LA,27.4/100,,29.9258607,-90.09206596866655
407,Lee Memorial Hospital,6390240,33901,FL,27.3/100,,26.6274479,-81.87395776050018
408,Central Maine Medical Center,6110370,04240,ME,27.2/100,,44.102599999999995,-70.21469262327662
409,Grand Strand Regional Medical Center,6370477,29572,SC,27.2/100,,33.7580795,-78.81947043551197
410,HCA Houston Healthcare Kingwood,6740046,77339,TX,27.2/100,,30.05030225,-95.25490400837903
411,University of Louisville Hospital,6510550,40202,KY,27.2/100,,38.2483107,-85.74506887135223
412,Atrium Health-Pineville,6360018,28210,NC,27.1/100,,35.09203755,-80.87159688163479
413,Lexington Medical Center,6370671,29070,SC,27.0/100,,33.9142254,-81.5161906
414,McLaren Bay Region Hospital,6440190,48708,MI,27.0/100,,43.587469299999995,-83.86838489229855
415,Memorial Health University Medical Center,6381027,31404,GA,27.0/100,,32.03005855,-81.0888859238983
416,Washington Hospital-Pennsylvania,6233320,15301,PA,27.0/100,,40.183745849999994,-80.24617100173165
417,Bristol Regional Medical Center,6520040,37620,TN,26.9/100,,36.5855299,-82.25651544719474
418,Christus Spohn Hospital-Corpus Christi,6740089,78405,TX,26.9/100,,27.77982145,-97.41602803545402
419,Deaconess Hospital,6420320,47747,IN,26.9/100,,37.98385435,-87.57142630334626
420,Essentia Health-Fargo,6640003,58103,ND,26.9/100,,46.83134205,-96.8280631659479
421,Providence Regional Medical Center Everett,6910004,98201,WA,26.9/100,,48.0009814,-122.20489507352634
422,UPMC Altoona,6230086,16601,PA,26.9/100,,40.52251265,-78.3982369649344
423,UPMC Mercy,6232510,15219,PA,26.9/100,,40.43637914999999,-79.98549286142423
424,Inspira Medical Center-Vineland,6220125,08360,NJ,26.8/100,,39.44441055,-75.05858277448098
425,Mission Hospital-Asheville,6360013,28801,NC,26.8/100,,35.5766889,-82.54922485627307
426,Parkview Medical Center,6840850,81003,CO,26.8/100,,38.28169165,-104.6125716266923
427,WakeMed Cary Hospital,636118A,27512,NC,26.8/100,,35.74039165,-78.78147066245384
428,Charleston Area Medical Center,6350120,25304,WV,26.7/100,,38.3300954,-81.60272322391152
429,Norman Regional Hospital-Norman,6730074,73071,OK,26.7/100,,35.23024135,-97.43931468631104
430,California Pacific Medical Center,6930032,94115,CA,26.6/100,,37.79060095,-122.43225972298953
431,Community Memorial Hospital-Ventura,6930131,93003,CA,26.6/100,,34.27396,-119.25820595843585
432,Decatur Memorial Hospital,6431370,62526,IL,26.6/100,,39.86781585,-88.96155668935181
433,Aventura Hospital and Medical Center,6390282,33180,FL,26.5/100,,25.96999245,-80.1450406167155
434,Community Hospital-Munster,6421050,46321,IN,26.5/100,,41.54926575,-87.50767818298002
435,HonorHealth Scottsdale Thompson Peak Medical Center,6860054,85255,AZ,26.5/100,,33.6709304,-111.92194270314332
436,Los Robles Hospital and Medical Center,6933672,91362,CA,26.5/100,,34.1549389,-118.8157364
437,Northwest Medical Center-Tucson,6864010,85741,AZ,26.5/100,,32.320263100000005,-111.00975080302378
438,Sisters of Charity Hospital of Buffalo,6211000,14214,NY,26.5/100,,42.928807250000006,-78.84803668185236
439,Atrium Health Navicent Medical Center,6380730,31201,GA,26.4/100,,32.8338837,-83.63587671157228
440,Maury Regional Medical Center,6520209,38401,TN,26.4/100,,35.6070949,-87.06643950285971
441,Sutter Medical Center,6930073,95661,CA,26.4/100,,38.7651648,-121.2491238
442,Asante Rogue Regional Medical Center,6920280,97504,OR,26.3/100,,42.31801955,-122.83044652500001
443,Santa Rosa Memorial Hospital,6930109,95405,CA,26.3/100,,38.44380015,-122.70088385776059
444,Silver Cross Hospital,6432000,60451,IL,26.2/100,,41.5439385,-87.98484971278594
445,St. Anthony Hospital-Lakewood,6840385,80228,CO,26.2/100,,39.71625455,-105.12909439976605
446,Texoma Medical Center,6741135,75020,TX,26.2/100,,33.7668289,-96.55116137257738
447,Candler Hospital,6381080,31405,GA,26.1/100,,32.0285179,-81.09962094498133
448,Christus St. Vincent Regional Medical Center,6850390,87505,NM,26.1/100,,35.659295,-105.94616410457978
449,Broward Health Coral Springs,6390150,33065,FL,26.0/100,,26.26906575,-80.25570278239573
450,Jackson Hospital and Clinic,6530695,72112,AR,26.0/100,,35.6097857,-91.26443524948479
451,Medical City Arlington,6740115,76015,TX,26.0/100,,32.69218405,-97.1129428701784
452,North Florida Regional Medical Center,6390225,32669,FL,26.0/100,,29.6597666,-82.4119111
453,Atrium Health-Cabarrus,6360360,28107,NC,25.9/100,,35.238758,-80.50387139872798
454,Kaiser Permanente South Bay Medical Center,6930925,90710,CA,25.9/100,,33.787915049999995,-118.29634977717515
455,Our Lady of Lourdes Memorial Hospital,6210370,13905,NY,25.9/100,,42.091418950000005,-75.93687315942171
456,Ascension All Saints Hospital,6451580,53132,WI,25.8/100,,42.73212975,-87.82671320885424
457,Doctors Medical Center of Modesto,6930016,95354,CA,25.8/100,,37.66523565,-120.99751958948966
458,St. Francis Hospital and Medical Center,6160004,06105,CT,25.8/100,,41.77413945,-72.6980902631616
459,Baptist Hospital,6390792,32501,FL,25.7/100,,30.4296463,-87.23192565653656
460,Brandon Regional Hospital,6390070,33511,FL,25.7/100,,27.934071,-82.286533
461,Flowers Hospital,6530350,36305,AL,25.7/100,,31.2374957,-85.45617079772055
462,USA Health University Hospital,6530600,36607,AL,25.7/100,,30.7070954,-88.09828290052609
463,Memorial Medical Center-Las Cruces,6850285,88011,NM,25.6/100,,32.29108185,-106.73704022493928
464,Northwestern Medicine Central DuPage Hospital,6430019,60190,IL,25.6/100,,41.873191899999995,-88.15582916779735
465,Ascension St. Thomas Hospital,6521040,37128,TN,25.5/100,,35.8098757,-86.4603605
466,CoxHealth Springfield,6631320,65809,MO,25.5/100,,37.15879805,-93.22300163811786
467,Henry Ford Macomb Hospitals,6441830,48043,MI,25.5/100,,42.60673525,-82.88202668740861
468,HonorHealth Deer Valley Medical Center,6860325,85027,AZ,25.5/100,,33.665707850000004,-112.11594150917844
469,Lovelace Medical Center,6850060,87102,NM,25.4/100,,35.0861749,-106.63976431967376
470,Providence St. Patrick Hospital,6810430,59802,MT,25.4/100,,46.87554625,-113.99995429188456
471,Ascension St. Vincent Evansville,6420027,47712,IN,25.3/100,,37.97850065,-87.62611752738528
472,Corpus Christi Medical Center,6740732,78412,TX,25.3/100,,27.693150199999998,-97.34493799204424
473,Gottlieb Memorial Hospital,6432435,60160,IL,25.2/100,,41.91043835,-87.84283111596238
474,Olathe Medical Center,6670758,66061,KS,25.2/100,,38.8524892,-94.82480652352277
475,UnityPoint Health-Methodist Hospital,6432570,61636,IL,25.2/100,,40.699796500000005,-89.59544998416077
476,St. David's Round Rock Medical Center,6742345,78681,TX,25.1/100,,30.51006835,-97.7146087967685
477,UPMC Williamsport,6233500,17701,PA,25.0/100,,41.246869700000005,-77.01545375796653
478,North Memorial Health Hospital,6611455,55422,MN,24.9/100,,45.0139367,-93.32198960881385
479,Spartanburg Medical Center,6370610,29303,SC,24.9/100,,34.966966400000004,-81.93873094400129
480,DCH Regional Medical Center,6530960,35401,AL,24.7/100,,33.204164,-87.52753681434177
481,Medical Center at Bowling Green,6510007,42101,KY,24.7/100,,36.994457499999996,-86.42857870458775
482,SCL Health Lutheran Medical Center,6840012,80033,CO,24.7/100,,39.76569225,-105.0899229640259
483,Bon Secours St. Francis Hospital,6370100,29414,SC,24.6/100,,32.808970900000006,-80.04174956014879
484,CHI St. Vincent Infirmary,6710400,72205,AR,24.6/100,,34.7503557,-92.33921432523475
485,Community Regional Medical Center,6930790,93721,CA,24.6/100,,36.743444249999996,-119.78490919087439
486,Mercy Hospital South,6631160,33133,FL,24.6/100,,25.7411276,-80.2142781767664
487,Northside Hospital Forsyth,6380463,30041,GA,24.6/100,,34.177910100000005,-84.14107298135627
488,Aspirus Wausau Hospital,6452085,54401,WI,24.5/100,,44.96583925,-89.66837259265313
489,Kendall Regional Medical Center,6390515,33175,FL,24.5/100,,25.73100385,-80.38624330832934
490,CHI St. Alexius Health Bismarck,6640040,58501,ND,24.4/100,,46.80734095,-100.77700800244543
491,Einstein Medical Center Montgomery,6230515,19403,PA,24.4/100,,40.15340905,-75.34202478826586
492,UT Health Tyler,6740092,75701,TX,24.4/100,,32.3386277,-95.29103387575503
493,Christus Health Shreveport-Bossier,6720088,71105,LA,24.3/100,,32.4246693,-93.71755710412594
494,East Alabama Medical Center,6530760,36801,AL,24.3/100,,32.640725,-85.40381835944363
495,Camden Clark Medical Center,6350600,26101,WV,24.2/100,,39.270915,-81.56022554562979
496,Highland Hospital,6214240,94602,CA,24.2/100,,37.79822455,-122.23143876739954
497,Johnson City Medical Center,6520466,37604,TN,24.2/100,,36.30778825,-82.38419350436055
498,Lutheran Hospital of Indiana,6420420,46804,IN,24.2/100,,41.03958085,-85.24778574628499
499,Presbyterian Hospital,6850055,10021,NY,24.2/100,,35.6153041,-106.0268531
500,Sentara CarePlex Hospital,6340330,23666,VA,24.2/100,,37.056504649999994,-76.39040187437062
501,Conemaugh Memorial Medical Center,6230052,15905,PA,24.1/100,,40.3058405,-78.9182439489216
502,Delray Medical Center,6390081,33484,FL,24.1/100,,26.436368350000002,-80.12702271136149
503,EvergreenHealth Kirkland,6910335,98034,WA,24.1/100,,47.71582775,-122.1783423292238
504,Valley Hospital Medical Center,6880073,89106,NV,24.1/100,,36.163447500000004,-115.16661413378851
505,San Antonio Regional Hospital,6933750,91786,CA,23.9/100,,34.1018422,-117.6375642036996
506,United Hospital,6611585,55102,MN,23.9/100,,44.94292135,-93.1081735486589
507,Aurora BayCare Medical Center,6450021,54311,WI,23.8/100,,44.4765125,-87.94003179904786
508,HSHS St. John's Hospital,6432980,62769,IL,23.8/100,,39.80541325,-89.64504915420723
509,Mercy Hospital-Buffalo,6211100,14220,NY,23.8/100,,42.8479879,-78.8131723760595
510,USMD Hospital at Arlington,6740265,76017,TX,23.8/100,,32.67973365,-97.11792799285112
511,BSA Hospital,6740137,79106,TX,23.7/100,,18.1104884,83.3900713
512,Covenant Healthcare-Saginaw,6440023,48734,MI,23.7/100,,43.3461446,-83.7392278
513,Southwest General Health Center,6410200,44130,OH,23.7/100,,41.369883,-81.83207812557252
514,Winter Haven Hospital,6390079,33881,FL,23.6/100,,28.0287621,-81.72563127146056
515,Cleveland Clinic Mercy Hospital,6410290,44703,OH,23.5/100,,40.8124185,-81.39545753867907
516,Salina Regional Health Center,6670016,67401,KS,23.5/100,,38.832292100000004,-97.6103762526024
517,ThedaCare Regional Medical Center-Appleton,6450045,54911,WI,23.5/100,,44.2788309,-88.3931722311969
518,Ascension St. Mary's Hospital,6442290,48601,MI,23.4/100,,43.42432605,-83.9385503547201
519,Trident Medical Center,6370232,29406,SC,23.4/100,,32.97603015,-80.07314591743759
520,Mishawaka Medical Center,6421300,46545,IN,23.3/100,,41.70669515,-86.17444931963502
521,MultiCare Good Samaritan Hospital,6910500,98372,WA,23.3/100,,47.177770699999996,-122.28864207772585
522,Providence Holy Family Hospital,6910894,99208,WA,23.3/100,,47.709316900000005,-117.4072171623927
523,St. Joseph's Health Hospital,6214870,49093,MI,23.3/100,,41.9353581,-85.6479325
524,Capital Health Medical Center-Hopewell,6221430,08534,NJ,23.2/100,,40.2922921,-74.80538435506901
525,Lowell General Hospital,6140428,01854,MA,23.1/100,,42.647802799999994,-71.342233668805
526,MercyOne North Iowa Medical Center,6620002,50401,IA,23.1/100,,43.1495247,-93.21602950761468
527,Palomar Medical Center Escondido,6930660,92029,CA,23.0/100,,33.12050705,-117.12152774298008
528,Riverside Community Hospital,6932585,92501,CA,23.0/100,,33.97651725,-117.38256094437733
529,University Medical Center-Las Vegas,6880071,89102,NV,23.0/100,,36.160211849999996,-115.16774875702787
530,Kaiser Permanente Woodland Hills Medical Center,6933915,91365,CA,22.9/100,,34.17116955,-118.58978475965998
531,Logan Health-Kalispell,6810007,59901,MT,22.9/100,,48.2146042,-114.3233174
532,St. Vincent Hospital-Erie,6230780,16544,PA,22.8/100,,42.1114452,-80.07993346391457
533,St. Vincent's Medical Center,6160010,06606,CT,22.7/100,,41.20121695,-73.20182089845423
534,Regional Medical Center Bayonet Point,6390385,34667,FL,22.6/100,,28.36244025,-82.68802144282486
535,Reid Health-Richmond,6421190,47374,IN,22.6/100,,39.8644246,-84.88474559652563
536,St. Francis Hospital-Memphis,6520812,38119,TN,22.6/100,,35.09797965,-89.86439736964769
537,St. Mary Medical Center-Langhorne,6231130,19047,PA,22.4/100,,40.2022897,-74.92497171012985
538,UofL Health-Jewish Hospital,6510510,40065,KY,22.4/100,,38.2098244,-85.2360318198217
539,Baptist Memorial Hospital-North Mississippi,6540693,38655,MS,22.2/100,,34.3492249,-89.52972762502066
540,Kadlec Regional Medical Center,6910530,99352,WA,22.2/100,,46.281768299999996,-119.28180734666553
541,Mary Greeley Medical Center,6620055,50010,IA,22.2/100,,42.032616250000004,-93.61228826978103
542,Mercy Medical Center-Baltimore,6320220,21202,MD,22.2/100,,39.2932695,-76.61280493859464
543,Kaiser Permanente Sacramento Medical Center,6932662,95825,CA,22.1/100,,38.60193325,-121.39345066763315
544,Blessing Hospital,6430017,62301,IL,22.0/100,,8.1675245,77.4322708
545,Jefferson Health-Jefferson Torresdale Hospital,6230054,19114,PA,22.0/100,,40.0711287,-74.98305767092307
546,Memorial Hospital at Gulfport,6540300,39501,MS,22.0/100,,30.36791715,-89.11547726345
547,Hendrick Medical Center,6740020,79601,TX,21.9/100,,32.4720412,-99.73380623544963
548,Gundersen Lutheran Medical Center,6450680,54601,WI,21.8/100,,43.793070900000004,-91.24662524496094
549,Guthrie Robert Packer Hospital,6232970,18840,PA,21.8/100,,41.980588850000004,-76.5208075074679
550,St. Mary Medical Center-Hobart,6420565,46342,IN,21.8/100,,41.51249095,-87.26361688646196
551,Methodist Medical Center of Oak Ridge,6521080,37831,TN,21.7/100,,36.024155199999996,-84.2454480866765
552,MountainView Hospital,6880007,89128,NV,21.7/100,,36.21563985,-115.24913559001897
553,AdventHealth Ocala,6390670,34471,FL,21.6/100,,29.1754201,-82.138702975
554,Ascension Providence Hospital,6743660,48075,MI,21.6/100,,42.457558899999995,-83.2053083149466
555,Liberty Hospital,6630605,64068,MO,21.6/100,,39.2749812,-94.4240001276834
556,Ascension St. John Medical Center,6731220,48047,MI,21.4/100,,42.6705218,-82.94501771878174
557,Flagstaff Medical Center,6860021,86001,AZ,21.4/100,,35.20878985,-111.64402185590313
558,HCA Florida Oak Hill Hospital,6390997,34613,FL,21.4/100,,28.5363417,-82.5357373345616
559,Kaiser Permanente Santa Clara Medical Center,6933402,95051,CA,21.4/100,,37.336650000000006,-121.99919913359369
560,Kootenai Health-Coeur D'Alene,6820111,83814,ID,21.3/100,,47.6946371,-116.7962238
561,Marietta Memorial Hospital,6411630,45750,OH,21.3/100,,39.431703150000004,-81.4645367245817
562,McLaren Flint Hospital,6441038,48532,MI,21.3/100,,43.0138518,-83.73261753291786
563,St. Luke's Hospital-Duluth,6610400,55804,MN,21.3/100,,46.7968307,-92.0869527
564,CHI St. Vincent Hot Springs Hospital,6710300,71913,AR,21.2/100,,34.467362699999995,-93.06722507102515
565,Mercy Hospital Northwest Arkansas,6710535,72758,AR,21.2/100,,36.31041795,-94.18421362313538
566,Southeast Health Medical Center,6530373,31558,GA,21.2/100,,30.7809652,-81.61461479792533
567,Anderson Regional Medical Center,6540510,75801,TX,21.1/100,,31.7325865,-95.62709530134882
568,McLaren Macomb Hospital,6441847,48043,MI,21.1/100,,42.58781234999999,-82.89800797208932
569,Mease Countryside Hospital,6390160,34695,FL,21.1/100,,28.0414957,-82.70560018073499
570,Cleveland Clinic Indian River Hospital,6391120,32960,FL,21.0/100,,27.659074699999998,-80.39444526944459
571,Fawcett Memorial Hospital,6390865,33952,FL,20.9/100,,26.98878335,-82.09866797143651
572,Owensboro Health Regional Hospital,6510003,42303,KY,20.8/100,,37.77943535,-87.06386918152603
573,Baxter Regional Medical Center,6710482,72653,AR,20.7/100,,36.3422895,-92.3967026675785
574,Riverside Regional Medical Center,6340520,23601,VA,20.6/100,,37.0634252,-76.48271901539873
575,MaineGeneral Medical Center,6110555,04330,ME,20.4/100,,44.3637461,-69.78032809979402
576,St. Bernardine Medical Center,6932760,92404,CA,20.4/100,,34.1346949,-117.27639323902028
577,Augusta Health-Fishersville,6340005,22939,VA,20.3/100,,38.0960657,-78.98944251794157
578,Physicians Regional-Pine Ridge Hospital,6390103,34119,FL,20.3/100,,26.2138341,-81.73244073182654
579,Community Hospital South,6420728,46227,IN,20.2/100,,39.63797085,-86.13239458385064
580,Mercy Medical Center-Springfield,6141940,01104,MA,20.1/100,,42.11597825,-72.59301656598424
581,Christus St. Frances Cabrini Hospital,6720050,71301,LA,20.0/100,,31.282694,-92.46259379803126
582,HonorHealth John C. Lincoln Medical Center,6860253,85020,AZ,20.0/100,,33.5693337,-112.07065095818291
583,MultiCare Deaconess Hospital,6910880,99204,WA,20.0/100,,47.650901149999996,-117.42299254886947
584,North Mississippi Medical Center-Tupelo,6540810,38801,MS,20.0/100,,34.2420289,-88.71609257565105
585,Valley Baptist Medical Center-Harlingen,6741790,78550,TX,20.0/100,,26.175246350000002,-97.67025574917116
586,Carroll Hospital,6320880,21157,MD,19.9/100,,39.558666450000004,-76.98979776855404
587,Grandview Medical Center-Birmingham,6530161,35243,AL,19.9/100,,33.43373785,-86.71846059473762
588,Prisma Health Richland Hospital,6370140,29203,SC,19.8/100,,34.027949,-81.0325565913862
589,CaroMont Regional Medical Center,6360580,28054,NC,19.7/100,,35.27215775,-81.13954344086048
590,St. Clair Hospital,6232575,15243,PA,19.7/100,,40.37832,-80.06695376483155
591,TriStar Centennial Medical Center,6520002,37203,TN,19.6/100,,36.153333599999996,-86.80918637795783
592,Venice Regional Bayfront Hospital,6391119,34285,FL,19.5/100,,27.09060435,-82.44529849327121
593,Prisma Health Baptist Hospital,6370190,29220,SC,19.4/100,,34.00743815,-81.0335316424086
594,Baptist Health Paducah,6510815,42003,KY,19.3/100,,37.07348785000001,-88.62769387563067
595,Parkwest Medical Center,6520530,37923,TN,19.3/100,,35.9179035,-84.10111359055136
596,Alta Bates Summit Medical Center-Oakland,6930031,94609,CA,19.1/100,,37.8215138,-122.26318112200053
597,Blount Memorial Hospital,6520670,37804,TN,19.0/100,,35.75674325,-83.95893133575322
598,St. Luke's East Hospital,6630029,64086,MO,19.0/100,,38.94119535,-94.3810225762558
599,Franciscan Health Indianapolis,6420029,46237,IN,18.9/100,,39.64839485,-86.078781935364
600,St. Bernards Medical Center,6710320,72401,AR,18.8/100,,35.8366576,-90.70276409551917
601,SSM Health St. Anthony Hospital-Oklahoma City,6730830,73102,OK,18.7/100,,35.477650100000005,-97.52373002527575
602,Doylestown Hospital,6230590,18901,PA,18.6/100,,40.3067939,-75.14659813268989
603,Mercy Medical Center Redding,6932520,96001,CA,18.5/100,,40.571750249999994,-122.3958827218151
604,Banner Baywood Medical Center,6860185,85206,AZ,18.4/100,,33.4110405,-111.68907295138877
605,Forrest General Hospital,6540315,39401,MS,18.4/100,,31.31130765,-89.46910729992479
606,Roper Hospital,6370090,29401,SC,18.4/100,,32.78266495,-79.94908809987882
607,Sutter Roseville Medical Center,6932645,95661,CA,18.4/100,,38.76621635,-121.24932727151528
608,Jackson-Madison County General Hospital,6524010,38301,TN,18.2/100,,35.6374198,-88.83199047553106
609,Phoebe Putney Memorial Hospital,6380486,31701,GA,18.1/100,,31.59042535,-84.15758867013469
610,Yakima Valley Memorial Hospital,6911260,98902,WA,18.0/100,,46.59379635,-120.54676457051357
611,Huntsville Hospital,6530510,35801,AL,17.8/100,,34.7204666,-86.58096414730319
612,Union Hospital-Terre Haute,6421366,47804,IN,17.8/100,,39.4852998,-87.40786663515323
613,Crozer-Chester Medical Center,6230400,19013,PA,17.7/100,,39.85541155,-75.36825021018319
614,Abrazo Arrowhead Campus,6860305,85308,AZ,17.6/100,,33.65459025,-112.20112892372751
615,Baptist Health Hardin,6510165,42701,KY,17.6/100,,37.710481,-85.8765885776401
616,Butler Memorial Hospital,6230270,16001,PA,17.6/100,,40.8666432,-79.88099038431308
617,Novant Health Presbyterian Medical Center,6360320,28204,NC,17.5/100,,35.2125299,-80.82430967559324
618,ProHealth Waukesha Memorial Hospital,6452020,53149,WI,17.2/100,,42.8496663,-88.3129189
619,Wilkes-Barre General Hospital,6230026,18764,PA,17.1/100,,41.258270100000004,-75.86665185864037
620,Barnes-Jewish St. Peters Hospital,6631280,63376,MO,17.0/100,,38.7941303,-90.57986758226727
621,Crouse Hospital,6214890,13210,NY,17.0/100,,43.04128485,-76.13882506907481
622,Ellis Hospital,6214560,12308,NY,17.0/100,,42.820213249999995,-73.91646093090648
623,Ascension Borgess Hospital,6440017,49047,MI,16.9/100,,41.9834175,-86.1155379942953
624,Harbor-UCLA Medical Center,6933683,90502,CA,16.9/100,,33.82944295,-118.29475530799803
625,Memorial Hospital-Belleville,6430195,62226,IL,16.6/100,,38.5490423,-90.0214708
626,Desert Regional Medical Center,6932325,92262,CA,16.5/100,,33.839248,-116.54244075327415
627,HonorHealth Scottsdale Osborn Medical Center,6860376,85251,AZ,16.3/100,,33.4885727,-111.92298318765714
628,St. Elizabeth's Medical Center-Brighton,6140620,02135,MA,16.3/100,,42.348649949999995,-71.14799584850206
629,Hospital HIMA San Pablo Bayamon,6040055,00959,PR,16.0/100,,18.39792925,-66.14756394498372
630,Genesis Medical Center-Davenport-West Central Park,6620004,52804,IA,15.9/100,,41.5429417,-90.59371067229603
631,Washington Regional Medical Center,6710195,72703,AR,15.9/100,,36.109610200000006,-94.15939455932778
632,Rapid City Regional Hospital,6650002,57701,SD,15.7/100,,44.05674795,-103.2250814
633,Singing River Health System-Pascagoula,6540021,39567,MS,15.5/100,,30.37729775,-88.52929917574147
634,Parkridge Medical Center,6520015,37404,TN,15.3/100,,35.0349202,-85.26799264508269
635,Palmetto General Hospital,6394001,33015,FL,15.0/100,,25.886896450000002,-80.32607943778835
636,Bassett Medical Center,6210001,13326,NY,14.8/100,,42.69538395,-74.92278409968071
637,JFK Medical Center,6390074,08818,NJ,14.5/100,,40.556357399999996,-74.35017766380267
638,Christus Good Shepherd Medical Center-Marshall,6742430,75670,TX,14.4/100,,32.53756355,-94.36946864467714
639,Legacy Salmon Creek Medical Center,6910013,98686,WA,14.4/100,,45.720329199999995,-122.64819776499155
640,Antelope Valley Hospital,6931178,93534,CA,14.2/100,,34.6867333,-118.15954962239945
641,Piedmont Macon Hospital,6380715,31217,GA,14.0/100,,32.8466491,-83.61896408804029
642,Baptist Health Medical Center-North Little Rock,6710497,72117,AR,13.8/100,,34.78444895,-92.22273388821685
643,Cookeville Regional Medical Center,6520212,38501,TN,13.8/100,,36.169757700000005,-85.5084137439575
644,Memorial Medical Center-Modesto,6931929,95355,CA,13.8/100,,37.668579949999994,-120.97337917658814
645,Novant Health Forsyth Medical Center,6361685,27103,NC,13.7/100,,36.07572665,-80.29690788733384
646,Beebe Healthcare-Lewes,6310030,19958,DE,13.5/100,,38.7521809,-75.1676125
647,Piedmont Eastside Medical Center,6381075,30078,GA,13.5/100,,33.87739355,-84.02149045111923
648,Northwest Medical Center-Margate,6390509,33063,FL,13.4/100,,26.26305035,-80.20286464086809
649,Springhill Medical Center,6530640,36608,AL,12.9/100,,30.6847189,-88.13015691580881
650,Heritage Valley Health System-Beaver,6230100,15009,PA,12.7/100,,40.7119797,-80.32158811716732
651,Regional Hospital of Scranton,6233000,18510,PA,12.6/100,,41.412944499999995,-75.65375013386611
652,Good Samaritan Hospital-San Jose,6930076,95124,CA,12.1/100,,37.25229515,-121.94571392384154
653,Brookwood Baptist Medical Center,6530175,35209,AL,11.6/100,,33.464377999999996,-86.77609579963199
654,Manatee Memorial Hospital,6390064,34208,FL,11.5/100,,27.49728145,-82.56211227411507
655,Decatur Morgan Hospital,6530011,35601,AL,11.3/100,,34.576872300000005,-87.01557507690609
656,Dominican Hospital,6930008,95062,CA,11.3/100,,36.9886913,-121.9825001
657,Marian Regional Medical Center,6933440,93454,CA,11.2/100,,34.9520001,-120.4136199
658,Doctors Center,6040325,29303,SC,11.0/100,,34.966529300000005,-81.9353499
659,Princeton Baptist Medical Center,6530160,35211,AL,10.9/100,,33.4974069,-86.84793758297522
660,TriStar Summit Medical Center,6520043,37076,TN,10.5/100,,36.17613835,-86.60831998072908
661,West Florida Hospital,6390793,32514,FL,9.3/100,,30.51475165,-87.21905495569862
662,Mercy Health-West Hospital,6410518,45211,OH,8.3/100,,39.18094685,-84.5973030601372
663,Eastern Idaho Regional Medical Center,6820165,83404,ID,6.5/100,,43.4702675,-111.99209549105757
664,Self Regional Healthcare-Greenwood,6370375,29646,SC,5.5/100,,34.1718723,-82.1564776
665,McLaren Greater Lansing Hospital,6440009,48910,MI,4.6/100,,42.7016491,-84.5016378
666,Thomas Hospital,6530417,36532,AL,4.4/100,,30.51903605,-87.88835174705152
0,CHRISTIAN HOSPITAL NORTHEAST-NORTHWEST,6630185,63136,MO,36.2/100,,38.7764269,-90.2402995
1,CHRISTIAN HOSPITAL NORTHEAST-NORTHWEST,6630185,63136,MO,36.2/100,,38.7765816890001,-90.240358059
2,ST. MARKS HOSPITAL,6870290,84124,UT,20.5/100,,40.6859582650001,-111.857140907
3,HOSP METROPOLITANO DE SAN JUAN,6040050,00922,PR,13.5/100,,18.3899033490001,-66.0982615139999
0,Memorial Sloan Kettering Cancer Center,6213060,10065-6007,NY,85.7/100,2.0,40.7641,-73.956
1,New York-Presbyterian Hospital-Columbia and Cornell,6210024,10065-4870,NY,67.6/100,12.0,40.7647,-73.954
2,Perlmutter Cancer Center at NYU Langone Hospitals,6212925,10016-6402,NY,62.9/100,19.0,40.7421,-73.9743
3,Mount Sinai Hospital,6213140,10029-0310,NY,59.0/100,28.0,40.79,-73.9537
4,Montefiore Medical Center,6213100,10467-2401,NY,57.3/100,35.0,40.8808,-73.8795
5,North Shore University Hospital at Northwell Health,6212357,11030-3816,NY,55.5/100,41.0,40.7776,-73.7017
6,Lenox Hill Hospital at Northwell Health,6212990,10075-1850,NY,54.1/100,50.0,40.7738,-73.9608
7,Long Island Jewish Medical Center at Northwell Health,6211680,11040-1496,NY,53.3/100,,40.7532,-73.7069
8,St. Francis Hospital and Heart Center,6214410,11576-1353,NY,50.6/100,,40.8043,-73.6705
9,Rutgers Cancer Institute of New Jersey/Robert Wood Johnson University Hospital,6220920,08901-1928,NJ,47.6/100,,40.4953,-74.4498
10,Hackensack University Medical Center at Hackensack Meridian Health,6220340,07601-1914,NJ,47.3/100,,40.8839,-74.0556
11,Mount Sinai Morningside and Mount Sinai West Hospitals,6213335,10025-1716,NY,45.1/100,,40.8056,-73.9613
12,Stony Brook University Hospital,6214775,11794-8410,NY,45.0/100,,40.9124,-73.1234
13,Morristown Medical Center,6220680,07960-6136,NJ,44.7/100,,40.7895,-74.4656
14,Phelps Memorial Hospital Center at Northwell Health,6213870,10591-1020,NY,43.3/100,,41.1088,-73.8633
15,Mount Sinai Beth Israel Hospital,6212655,10003-3803,NY,43.1/100,,40.7327,-73.9816
16,Staten Island University Hospital at Northwell Health,6214735,10305-3436,NY,41.9/100,,40.5839,-74.0867
17,Westchester Medical Center,6215150,10595-1530,NY,41.0/100,,41.0862,-73.806
18,Cooperman Barnabas Medical Center,6220800,07039-5672,NJ,39.7/100,,40.7635,-74.3049
19,Penn Medicine Princeton Medical Center,6221190,08536,NJ,37.8/100,,40.3398191,-74.6240079
20,New York-Presbyterian Brooklyn Methodist Hospital,6210555,11215-3609,NY,37.3/100,,40.668,-73.9794
21,Overlook Medical Center,6221370,07901-3533,NJ,36.6/100,,40.7129,-74.3526
22,Good Samaritan University Hospital,6215295,11795-4927,NY,36.5/100,,40.6941,-73.2942
23,Huntington Hospital at Northwell Health,6211880,11743-2799,NY,36.1/100,,40.8793,-73.4159
24,St. Joseph's University Medical Center,6221120,07503-2691,NJ,35.9/100,,40.9023,-74.1661
25,Holy Name Medical Center,6221390,07666-4281,NJ,35.7/100,,40.8831,-74.0107
26,Mount Sinai South Nassau Hospital,6213735,11572-1551,NY,35.3/100,,40.6512,-73.631
27,Monmouth Medical Center-Long Branch Campus,6220560,07740-6303,NJ,35.2/100,,40.2951,-73.9856
28,South Shore University Hospital at Northwell Health,6210280,11706-8458,NY,35.2/100,,40.7258,-73.2415
29,Valley Hospital,6221235,07450-2726,NJ,35.0/100,,40.9836,-74.1007
30,Englewood Hospital,6220280,07631-1898,NJ,34.9/100,,40.9042,-73.9687
31,Ocean University Medical Center at Hackensack Meridian Health,6221170,08724-7732,NJ,34.4/100,,40.0772,-74.131
32,Northern Westchester Hospital at Northwell Health,6212500,10549-3477,NY,33.7/100,,41.1968,-73.7257
33,New York-Presbyterian Queens Hospital,6211595,11355-5045,NY,33.5/100,,40.7471,-73.8256
34,JFK University Medical Center at Hackensack Meridian Health,6220247,08818,NJ,33.2/100,,40.5568,-74.3508
35,Riverview Medical Center at Hackensack Meridian Health,6221220,07701-1864,NJ,32.9/100,,40.3539,-74.0632
36,White Plains Hospital,6215330,10601-4699,NY,32.8/100,,41.026,-73.7694
37,Newark Beth Israel Medical Center,6220820,07112-2027,NJ,32.5/100,,40.7094,-74.2125
38,St. Peter's University Hospital,6220950,08901-1780,NJ,32.0/100,,40.5015,-74.4595
39,Jersey Shore University Medical Center at Hackensack Meridian Health,6220740,07754-0397,NJ,31.6/100,,40.2075,-74.0408
40,Mather Hospital at Northwell Health,6214050,11777-2190,NY,30.1/100,,40.94,-73.0548
41,CentraState Medical Center,6220322,07728-2549,NJ,29.7/100,,40.2368,-74.3131
42,Maimonides Medical Center,6210747,11219-2916,NY,29.1/100,,40.6395,-73.9984
43,Community Medical Center-Toms River,6221395,08755-6423,NJ,27.5/100,,39.9643,-74.2157
44,Clara Maass Medical Center,6220758,07109,NJ,26.0/100,,40.7857547,-74.17671915053191
45,Robert Wood Johnson University Hospital Somerset,6221340,08876-2598,NJ,25.5/100,,40.568,-74.5949
46,SUNY Downstate Medical Center University Hospital,6210469,11203-2012,NY,25.4/100,,40.6557,-73.9458
47,Mercy Hospital-Rockville Centre,6214360,11570-1000,NY,22.6/100,,40.6859,-73.6335
48,St. Clare's Denville Hospital,6220105,07834-2954,NJ,17.4/100,,40.8952,-74.4654
